{"cameraMode":{"drawMode":0,"name":"Shaded","section":"Shading Mode"},"sceneLighting":true,"audioPlay":false,"sceneViewState":{"showFog":true,"showMaterialUpdate":false,"showSkybox":true,"showFlares":true,"showImageEffects":true,"showParticleSystems":true},"in2DMode":false,"pivot":{"x":28.889019012451173,"y":9.86328125,"z":12.34234619140625},"rotation":{"x":0.039199281483888629,"y":-0.7102360129356384,"z":0.701763391494751,"w":0.03966513276100159},"size":26.389556884765626,"orthographic":true}